rank,title,year,citations,authors,venue,doi,domains,source_api,link,score
1,Array programming with NumPy,2020,23379,Charles R. Harris; K. Jarrod Millman; Stéfan J. van der Walt; Ralf Gommers; Pauli Virtanen; David Cournapeau; Eric Wieser; Julian Taylor; Sebastian Berg; Nathaniel J. Smith; Robert Kern; Matti Picus,Nature,10.1038/s41586-020-2649-2,linear_programming|integer_programming|stochastic_or|dynamic_programming|nonlinear_convex|multiobjective|constraint_programming|or_foundations_survey,crossref,https://doi.org/10.1038/s41586-020-2649-2,9.805
2,The Whale Optimization Algorithm,2016,13506,Seyedali Mirjalili; Andrew Lewis,Advances in Engineering Software,10.1016/j.advengsoft.2016.01.008,combinatorial_optimization|network_flows|stochastic_or|dynamic_programming|nonlinear_convex|metaheuristics|multiobjective|game_theory_or|inventory_supply_chain|queuing_simulation|graph_or|cutting_packing|ml_or_hybrid,crossref,https://doi.org/10.1016/j.advengsoft.2016.01.008,9.327
3,"AutoDock Vina: Improving the speed and accuracy of docking with a new scoring function, efficient optimization, and multithreading",2010,33728,Oleg Trott; Arthur J. Olson,Journal of Computational Chemistry,10.1002/jcc.21334,combinatorial_optimization|stochastic_or|dynamic_programming|nonlinear_convex|metaheuristics|multiobjective|game_theory_or|inventory_supply_chain|queuing_simulation|ml_or_hybrid,crossref,https://doi.org/10.1002/jcc.21334,9.217
4,Harris hawks optimization: Algorithm and applications,2019,5983,Ali Asghar Heidari; Seyedali Mirjalili; Hossam Faris; Ibrahim Aljarah; Majdi Mafarja; Huiling Chen,Future Generation Computer Systems,10.1016/j.future.2019.02.028,combinatorial_optimization|network_flows|scheduling|stochastic_or|dynamic_programming|nonlinear_convex|metaheuristics|multiobjective|game_theory_or|inventory_supply_chain|queuing_simulation|column_generation_decomp|graph_or|cutting_packing|ml_or_hybrid,crossref,https://doi.org/10.1016/j.future.2019.02.028,9.200
5,CasADi: a software framework for nonlinear optimization and optimal control,2019,3458,Joel A. E. Andersson; Joris Gillis; Greg Horn; James B. Rawlings; Moritz Diehl,Mathematical Programming Computation,10.1007/s12532-018-0139-4,linear_programming|integer_programming|combinatorial_optimization|stochastic_or|dynamic_programming|nonlinear_convex|metaheuristics|multiobjective|game_theory_or|inventory_supply_chain|queuing_simulation|constraint_programming|ml_or_hybrid|or_foundations_survey,crossref,https://doi.org/10.1007/s12532-018-0139-4,9.106
6,Distributed Optimization and Statistical Learning via the Alternating Direction Method of Multipliers,2011,14599,Stephen Boyd; Neal Parikh; Eric Chu; Borja Peleato; Jonathan Eckstein,Foundations and Trends® in Machine Learning,10.1561/2200000016,linear_programming|combinatorial_optimization|scheduling|stochastic_or|dynamic_programming|nonlinear_convex|metaheuristics|multiobjective|game_theory_or|inventory_supply_chain|queuing_simulation|ml_or_hybrid,crossref,https://doi.org/10.1561/2200000016,8.854
7,Slime mould algorithm: A new method for stochastic optimization,2020,2896,Shimin Li; Huiling Chen; Mingjing Wang; Ali Asghar Heidari; Seyedali Mirjalili,Future Generation Computer Systems,10.1016/j.future.2020.03.055,linear_programming|combinatorial_optimization|network_flows|scheduling|stochastic_or|dynamic_programming|nonlinear_convex|metaheuristics|multiobjective|game_theory_or|inventory_supply_chain|queuing_simulation|column_generation_decomp|graph_or|cutting_packing|ml_or_hybrid,crossref,https://doi.org/10.1016/j.future.2020.03.055,8.808
8,"An Evolutionary Many-Objective Optimization Algorithm Using Reference-Point-Based Nondominated Sorting Approach, Part I: Solving Problems With Box Constraints",2014,6432,Kalyanmoy Deb; Himanshu Jain,IEEE Transactions on Evolutionary Computation,10.1109/tevc.2013.2281535,linear_programming|combinatorial_optimization|network_flows|stochastic_or|dynamic_programming|nonlinear_convex|metaheuristics|multiobjective|game_theory_or|inventory_supply_chain|queuing_simulation|constraint_programming|graph_or|cutting_packing|ml_or_hybrid,crossref,https://doi.org/10.1109/tevc.2013.2281535,8.750
9,Differential Evolution – A Simple and Efficient Heuristic for global Optimization over Continuous Spaces,1997,24700,Rainer Storn; Kenneth Price,Journal of Global Optimization,10.1023/a:1008202821328,combinatorial_optimization|stochastic_or|dynamic_programming|nonlinear_convex|metaheuristics|multiobjective|game_theory_or|inventory_supply_chain|queuing_simulation|ml_or_hybrid,crossref,https://doi.org/10.1023/a:1008202821328,8.747
10,A novel swarm intelligence optimization approach: sparrow search algorithm,2020,3630,Jiankai Xue; Bo Shen,Systems Science &amp; Control Engineering,10.1080/21642583.2019.1708830,combinatorial_optimization|network_flows|stochastic_or|dynamic_programming|nonlinear_convex|metaheuristics|multiobjective|game_theory_or|inventory_supply_chain|queuing_simulation|graph_or|cutting_packing|ml_or_hybrid,crossref,https://doi.org/10.1080/21642583.2019.1708830,8.702
11,SCA: A Sine Cosine Algorithm for solving optimization problems,2016,5357,Seyedali Mirjalili,Knowledge-Based Systems,10.1016/j.knosys.2015.12.022,combinatorial_optimization|network_flows|stochastic_or|dynamic_programming|nonlinear_convex|metaheuristics|multiobjective|game_theory_or|inventory_supply_chain|queuing_simulation|constraint_programming|graph_or|cutting_packing|ml_or_hybrid,crossref,https://doi.org/10.1016/j.knosys.2015.12.022,8.680
12,On the implementation of an interior-point filter line-search algorithm for large-scale nonlinear programming,2006,8115,Andreas Wächter; Lorenz T. Biegler,Mathematical Programming,10.1007/s10107-004-0559-y,linear_programming|integer_programming|network_flows|stochastic_or|dynamic_programming|nonlinear_convex|metaheuristics|multiobjective|constraint_programming|graph_or|cutting_packing|or_foundations_survey,crossref,https://doi.org/10.1007/s10107-004-0559-y,8.661
13,The Arithmetic Optimization Algorithm,2021,2749,Laith Abualigah; Ali Diabat; Seyedali Mirjalili; Mohamed Abd Elaziz; Amir H. Gandomi,Computer Methods in Applied Mechanics and Engineering,10.1016/j.cma.2020.113609,combinatorial_optimization|network_flows|stochastic_or|dynamic_programming|nonlinear_convex|metaheuristics|multiobjective|game_theory_or|inventory_supply_chain|queuing_simulation|graph_or|cutting_packing|ml_or_hybrid,crossref,https://doi.org/10.1016/j.cma.2020.113609,8.597
14,Research electronic data capture (REDCap)—A metadata-driven methodology and workflow process for providing translational research informatics support,2009,46766,Paul A. Harris; Robert Taylor; Robert Thielke; Jonathon Payne; Nathaniel Gonzalez; Jose G. Conde,Journal of Biomedical Informatics,10.1016/j.jbi.2008.08.010,dynamic_programming|or_foundations_survey,crossref,https://doi.org/10.1016/j.jbi.2008.08.010,8.591
15,RAxML version 8: a tool for phylogenetic analysis and post-analysis of large phylogenies,2014,30030,Alexandros Stamatakis,Bioinformatics,10.1093/bioinformatics/btu033,metaheuristics,crossref,https://doi.org/10.1093/bioinformatics/btu033,8.562
16,Taking the Human Out of the Loop: A Review of Bayesian Optimization,2016,5059,Bobak Shahriari; Kevin Swersky; Ziyu Wang; Ryan P. Adams; Nando de Freitas,Proceedings of the IEEE,10.1109/jproc.2015.2494218,combinatorial_optimization|stochastic_or|dynamic_programming|nonlinear_convex|metaheuristics|multiobjective|game_theory_or|inventory_supply_chain|queuing_simulation|ml_or_hybrid,crossref,https://doi.org/10.1109/jproc.2015.2494218,8.514
17,A powerful and efficient algorithm for numerical function optimization: artificial bee colony (ABC) algorithm,2007,6492,Dervis Karaboga; Bahriye Basturk,Journal of Global Optimization,10.1007/s10898-007-9149-x,combinatorial_optimization|network_flows|stochastic_or|dynamic_programming|nonlinear_convex|metaheuristics|multiobjective|game_theory_or|inventory_supply_chain|queuing_simulation|graph_or|cutting_packing|ml_or_hybrid,crossref,https://doi.org/10.1007/s10898-007-9149-x,8.507
18,A fast and elitist multiobjective genetic algorithm: NSGA-II,2002,42500,K. Deb; A. Pratap; S. Agarwal; T. Meyarivan,IEEE Transactions on Evolutionary Computation,10.1109/4235.996017,network_flows|nonlinear_convex|multiobjective|graph_or|cutting_packing,crossref,https://doi.org/10.1109/4235.996017,8.494
19,"G*Power 3: A flexible statistical power analysis program for the social, behavioral, and biomedical sciences",2007,54633,Franz Faul; Edgar Erdfelder; Albert-Georg Lang; Axel Buchner,Behavior Research Methods,10.3758/bf03193146,or_foundations_survey,crossref,https://doi.org/10.3758/bf03193146,8.474
20,Minimap2: pairwise alignment for nucleotide sequences,2018,15403,Heng Li,Bioinformatics,10.1093/bioinformatics/bty191,or_foundations_survey,crossref,https://doi.org/10.1093/bioinformatics/bty191,8.465
21,A Singular Value Thresholding Algorithm for Matrix Completion,2010,4665,Jian-Feng Cai; Emmanuel J. Candès; Zuowei Shen,SIAM Journal on Optimization,10.1137/080738970,combinatorial_optimization|network_flows|stochastic_or|dynamic_programming|nonlinear_convex|metaheuristics|multiobjective|game_theory_or|inventory_supply_chain|queuing_simulation|graph_or|cutting_packing|ml_or_hybrid,crossref,https://doi.org/10.1137/080738970,8.424
22,On hyperparameter optimization of machine learning algorithms: Theory and practice,2020,2959,Li Yang; Abdallah Shami,Neurocomputing,10.1016/j.neucom.2020.07.061,combinatorial_optimization|scheduling|stochastic_or|dynamic_programming|nonlinear_convex|metaheuristics|multiobjective|game_theory_or|inventory_supply_chain|queuing_simulation|ml_or_hybrid,crossref,https://doi.org/10.1016/j.neucom.2020.07.061,8.327
23,Moth-flame optimization algorithm: A novel nature-inspired heuristic paradigm,2015,4321,Seyedali Mirjalili,Knowledge-Based Systems,10.1016/j.knosys.2015.07.006,combinatorial_optimization|network_flows|stochastic_or|dynamic_programming|nonlinear_convex|metaheuristics|multiobjective|game_theory_or|inventory_supply_chain|queuing_simulation|graph_or|cutting_packing|ml_or_hybrid,crossref,https://doi.org/10.1016/j.knosys.2015.07.006,8.319
24,Particle swarm optimization algorithm: an overview,2018,2996,Dongshu Wang; Dapei Tan; Lei Liu,Soft Computing,10.1007/s00500-016-2474-6,combinatorial_optimization|network_flows|stochastic_or|dynamic_programming|nonlinear_convex|metaheuristics|multiobjective|game_theory_or|inventory_supply_chain|queuing_simulation|graph_or|cutting_packing|ml_or_hybrid,crossref,https://doi.org/10.1007/s00500-016-2474-6,8.304
25,Long Short-Term Memory,1997,84493,Sepp Hochreiter; Jürgen Schmidhuber,Neural Computation,10.1162/neco.1997.9.8.1735,ml_or_hybrid,crossref,https://doi.org/10.1162/neco.1997.9.8.1735,8.297
26,Optimization by Simulated Annealing,1983,33952,S. Kirkpatrick; C. D. Gelatt; M. P. Vecchi,Science,10.1126/science.220.4598.671,combinatorial_optimization|stochastic_or|dynamic_programming|nonlinear_convex|metaheuristics|multiobjective|game_theory_or|inventory_supply_chain|queuing_simulation|ml_or_hybrid,crossref,https://doi.org/10.1126/science.220.4598.671,8.269
27,Gapped BLAST and PSI-BLAST: a new generation of protein database search programs,1997,60540,S. Altschul,Nucleic Acids Research,10.1093/nar/25.17.3389,metaheuristics|column_generation_decomp|or_foundations_survey,crossref,https://doi.org/10.1093/nar/25.17.3389,8.267
28,Improved Optimization for the Robust and Accurate Linear Registration and Motion Correction of Brain Images,2002,10844,Mark Jenkinson; Peter Bannister; Michael Brady; Stephen Smith,NeuroImage,10.1006/nimg.2002.1132,linear_programming|integer_programming|combinatorial_optimization|stochastic_or|dynamic_programming|nonlinear_convex|metaheuristics|multiobjective|game_theory_or|inventory_supply_chain|queuing_simulation|ml_or_hybrid|or_foundations_survey,crossref,https://doi.org/10.1006/nimg.2002.1132,8.254
29,"<i>Stan</i>
                    : A Probabilistic Programming Language",2017,5830,Bob Carpenter; Andrew Gelman; Matthew D. Hoffman; Daniel Lee; Ben Goodrich; Michael Betancourt; Marcus Brubaker; Jiqiang Guo; Peter Li; Allen Riddell,Journal of Statistical Software,10.18637/jss.v076.i01,linear_programming|integer_programming|stochastic_or|dynamic_programming|nonlinear_convex|multiobjective|constraint_programming|or_foundations_survey,crossref,https://doi.org/10.18637/jss.v076.i01,8.249
30,Equilibrium optimizer: A novel optimization algorithm,2020,2171,Afshin Faramarzi; Mohammad Heidarinejad; Brent Stephens; Seyedali Mirjalili,Knowledge-Based Systems,10.1016/j.knosys.2019.105190,combinatorial_optimization|network_flows|stochastic_or|dynamic_programming|nonlinear_convex|metaheuristics|multiobjective|game_theory_or|inventory_supply_chain|queuing_simulation|graph_or|cutting_packing,crossref,https://doi.org/10.1016/j.knosys.2019.105190,8.160
31,Aquila Optimizer: A novel meta-heuristic optimization algorithm,2021,2084,Laith Abualigah; Dalia Yousri; Mohamed Abd Elaziz; Ahmed A. Ewees; Mohammed A.A. Al-qaness; Amir H. Gandomi,Computers &amp; Industrial Engineering,10.1016/j.cie.2021.107250,combinatorial_optimization|network_flows|stochastic_or|dynamic_programming|nonlinear_convex|metaheuristics|multiobjective|inventory_supply_chain|queuing_simulation|graph_or|cutting_packing,crossref,https://doi.org/10.1016/j.cie.2021.107250,8.155
32,Particle Swarm Optimization Algorithm and Its Applications: A Systematic Review,2022,1710,Ahmed G. Gad,Archives of Computational Methods in Engineering,10.1007/s11831-021-09694-4,combinatorial_optimization|network_flows|stochastic_or|nonlinear_convex|metaheuristics|multiobjective|inventory_supply_chain|queuing_simulation|graph_or|cutting_packing,crossref,https://doi.org/10.1007/s11831-021-09694-4,8.132
33,On the limited memory BFGS method for large scale optimization,1989,6680,Dong C. Liu; Jorge Nocedal,Mathematical Programming,10.1007/bf01589116,linear_programming|integer_programming|combinatorial_optimization|stochastic_or|dynamic_programming|nonlinear_convex|metaheuristics|multiobjective|game_theory_or|inventory_supply_chain|queuing_simulation|constraint_programming|ml_or_hybrid|or_foundations_survey,crossref,https://doi.org/10.1007/bf01589116,8.114
34,"Global burden of 288 causes of death and life expectancy decomposition in 204 countries and territories and 811 subnational locations, 1990–2021: a systematic analysis for the Global Burden of Disease Study 2021",2024,2541,Mohsen Naghavi; Kanyin Liane Ong; Amirali Aali; Hazim S Ababneh; Yohannes Habtegiorgis Abate; Cristiana Abbafati; Rouzbeh Abbasgholizadeh; Mohammadreza Abbasian; Mohsen Abbasi-Kangevari; Hedayat Abbastabar; Samar Abd ElH,The Lancet,10.1016/s0140-6736(24)00367-2,column_generation_decomp|graph_or|cutting_packing,crossref,https://doi.org/10.1016/s0140-6736(24)00367-2,8.100
35,"Software survey: VOSviewer, a computer program for bibliometric mapping",2010,17419,Nees Jan van Eck; Ludo Waltman,Scientometrics,10.1007/s11192-009-0146-3,or_foundations_survey,crossref,https://doi.org/10.1007/s11192-009-0146-3,8.098
36,A Limited Memory Algorithm for Bound Constrained Optimization,1995,5013,Richard H. Byrd; Peihuang Lu; Jorge Nocedal; Ciyou Zhu,SIAM Journal on Scientific Computing,10.1137/0916069,combinatorial_optimization|network_flows|scheduling|stochastic_or|dynamic_programming|nonlinear_convex|metaheuristics|multiobjective|game_theory_or|inventory_supply_chain|queuing_simulation|graph_or|cutting_packing|ml_or_hybrid,crossref,https://doi.org/10.1137/0916069,7.989
37,Convergence Properties of the Nelder--Mead Simplex Method in Low Dimensions,1998,5989,Jeffrey C. Lagarias; James A. Reeds; Margaret H. Wright; Paul E. Wright,SIAM Journal on Optimization,10.1137/s1052623496303470,linear_programming|combinatorial_optimization|stochastic_or|dynamic_programming|nonlinear_convex|metaheuristics|multiobjective|game_theory_or|inventory_supply_chain|queuing_simulation|ml_or_hybrid,crossref,https://doi.org/10.1137/s1052623496303470,7.966
38,Instant neural graphics primitives with a multiresolution hash encoding,2022,3857,Thomas Müller; Alex Evans; Christoph Schied; Alexander Keller,ACM Transactions on Graphics,10.1145/3528223.3530127,graph_or|ml_or_hybrid,crossref,https://doi.org/10.1145/3528223.3530127,7.950
39,Dung beetle optimizer: a new meta-heuristic algorithm for global optimization,2023,1589,Jiankai Xue; Bo Shen,The Journal of Supercomputing,10.1007/s11227-022-04959-6,combinatorial_optimization|network_flows|stochastic_or|nonlinear_convex|metaheuristics|multiobjective|inventory_supply_chain|queuing_simulation|graph_or|cutting_packing,crossref,https://doi.org/10.1007/s11227-022-04959-6,7.942
40,A New Heuristic Optimization Algorithm: Harmony Search,2001,5189,Zong Woo Geem; Joong Hoon Kim; G.V. Loganathan,SIMULATION,10.1177/003754970107600201,combinatorial_optimization|network_flows|stochastic_or|dynamic_programming|nonlinear_convex|metaheuristics|multiobjective|game_theory_or|inventory_supply_chain|queuing_simulation|graph_or|cutting_packing|ml_or_hybrid,crossref,https://doi.org/10.1177/003754970107600201,7.904
41,MOEA/D: A Multiobjective Evolutionary Algorithm Based on Decomposition,2007,9024,Qingfu Zhang; Hui Li,IEEE Transactions on Evolutionary Computation,10.1109/tevc.2007.892759,network_flows|nonlinear_convex|multiobjective|column_generation_decomp|constraint_programming|graph_or|cutting_packing,crossref,https://doi.org/10.1109/tevc.2007.892759,7.889
42,Efficient Global Optimization of Expensive Black-Box Functions,1998,6749,Donald R. Jones; Matthias Schonlau; William J. Welch,Journal of Global Optimization,10.1023/a:1008306431147,combinatorial_optimization|stochastic_or|dynamic_programming|nonlinear_convex|metaheuristics|multiobjective|game_theory_or|inventory_supply_chain|queuing_simulation|ml_or_hybrid,crossref,https://doi.org/10.1023/a:1008306431147,7.879
43,PlatEMO: A MATLAB Platform for Evolutionary Multi-Objective Optimization [Educational Forum],2017,2644,Ye Tian; Ran Cheng; Xingyi Zhang; Yaochu Jin,IEEE Computational Intelligence Magazine,10.1109/mci.2017.2742868,combinatorial_optimization|stochastic_or|dynamic_programming|nonlinear_convex|metaheuristics|multiobjective|game_theory_or|inventory_supply_chain|queuing_simulation|ml_or_hybrid,crossref,https://doi.org/10.1109/mci.2017.2742868,7.871
44,Fast unfolding of communities in large networks,2008,16903,Vincent D Blondel; Jean-Loup Guillaume; Renaud Lambiotte; Etienne Lefebvre,Journal of Statistical Mechanics: Theory and Experiment,10.1088/1742-5468/2008/10/p10008,metaheuristics|game_theory_or|queuing_simulation,crossref,https://doi.org/10.1088/1742-5468/2008/10/p10008,7.869
45,Teaching–learning-based optimization: A novel method for constrained mechanical design optimization problems,2011,4483,R.V. Rao; V.J. Savsani; D.P. Vakharia,Computer-Aided Design,10.1016/j.cad.2010.12.015,combinatorial_optimization|scheduling|stochastic_or|dynamic_programming|nonlinear_convex|metaheuristics|multiobjective|game_theory_or|inventory_supply_chain|queuing_simulation|ml_or_hybrid,crossref,https://doi.org/10.1016/j.cad.2010.12.015,7.855
46,Finite-Time Stability of Continuous Autonomous Systems,2000,5150,Sanjay P. Bhat; Dennis S. Bernstein,SIAM Journal on Control and Optimization,10.1137/s0363012997321358,combinatorial_optimization|tsp_routing|stochastic_or|dynamic_programming|nonlinear_convex|metaheuristics|multiobjective|game_theory_or|inventory_supply_chain|queuing_simulation|ml_or_hybrid,crossref,https://doi.org/10.1137/s0363012997321358,7.855
47,"Optimization of the Additive CHARMM All-Atom Protein Force Field Targeting Improved Sampling of the Backbone ϕ, ψ and Side-Chain χ<sub>1</sub> and χ<sub>2</sub> Dihedral Angles",2012,4641,Robert B. Best; Xiao Zhu; Jihyun Shim; Pedro E. M. Lopes; Jeetain Mittal; Michael Feig; Alexander D. MacKerell,Journal of Chemical Theory and Computation,10.1021/ct300400x,combinatorial_optimization|stochastic_or|dynamic_programming|nonlinear_convex|metaheuristics|multiobjective|game_theory_or|inventory_supply_chain|queuing_simulation|ml_or_hybrid,crossref,https://doi.org/10.1021/ct300400x,7.847
48,Benchmarking optimization software with performance profiles,2002,3577,Elizabeth D. Dolan; Jorge J. Moré,Mathematical Programming,10.1007/s101070100263,linear_programming|integer_programming|combinatorial_optimization|stochastic_or|dynamic_programming|nonlinear_convex|metaheuristics|multiobjective|inventory_supply_chain|queuing_simulation|constraint_programming|or_foundations_survey,crossref,https://doi.org/10.1007/s101070100263,7.835
49,No free lunch theorems for optimization,1997,11754,D.H. Wolpert; W.G. Macready,IEEE Transactions on Evolutionary Computation,10.1109/4235.585893,combinatorial_optimization|stochastic_or|dynamic_programming|nonlinear_convex|metaheuristics|multiobjective|game_theory_or|inventory_supply_chain|queuing_simulation|ml_or_hybrid,crossref,https://doi.org/10.1109/4235.585893,7.833
50,Molecular Optimization Enables over 13% Efficiency in Organic Solar Cells,2017,2724,Wenchao Zhao; Sunsun Li; Huifeng Yao; Shaoqing Zhang; Yun Zhang; Bei Yang; Jianhui Hou,Journal of the American Chemical Society,10.1021/jacs.7b02677,combinatorial_optimization|stochastic_or|dynamic_programming|nonlinear_convex|metaheuristics|multiobjective|game_theory_or|inventory_supply_chain|queuing_simulation|ml_or_hybrid,crossref,https://doi.org/10.1021/jacs.7b02677,7.826
51,Data-driven distributionally robust optimization using the Wasserstein metric: performance guarantees and tractable reformulations,2018,1472,Peyman Mohajerin Esfahani; Daniel Kuhn,Mathematical Programming,10.1007/s10107-017-1172-1,linear_programming|integer_programming|combinatorial_optimization|stochastic_or|dynamic_programming|nonlinear_convex|metaheuristics|multiobjective|inventory_supply_chain|queuing_simulation|constraint_programming,crossref,https://doi.org/10.1007/s10107-017-1172-1,7.814
52,Pymoo: Multi-Objective Optimization in Python,2020,2116,Julian Blank; Kalyanmoy Deb,IEEE Access,10.1109/access.2020.2990567,combinatorial_optimization|stochastic_or|dynamic_programming|nonlinear_convex|metaheuristics|multiobjective|inventory_supply_chain|queuing_simulation,crossref,https://doi.org/10.1109/access.2020.2990567,7.808
53,RAxML-VI-HPC: maximum likelihood-based phylogenetic analyses with thousands of taxa and mixed models,2006,13645,Alexandros Stamatakis,Bioinformatics,10.1093/bioinformatics/btl446,integer_programming|network_flows|constraint_programming|graph_or|ml_or_hybrid,crossref,https://doi.org/10.1093/bioinformatics/btl446,7.800
54,Salp Swarm Algorithm: A bio-inspired optimizer for engineering design problems,2017,4753,Seyedali Mirjalili; Amir H. Gandomi; Seyedeh Zahra Mirjalili; Shahrzad Saremi; Hossam Faris; Seyed Mohammad Mirjalili,Advances in Engineering Software,10.1016/j.advengsoft.2017.07.002,network_flows|nonlinear_convex|game_theory_or|graph_or|cutting_packing,crossref,https://doi.org/10.1016/j.advengsoft.2017.07.002,7.781
55,Commentary: The Materials Project: A materials genome approach to accelerating materials innovation,2013,12209,Anubhav Jain; Shyue Ping Ong; Geoffroy Hautier; Wei Chen; William Davidson Richards; Stephen Dacek; Shreyas Cholia; Dan Gunter; David Skinner; Gerbrand Ceder; Kristin A. Persson,APL Materials,10.1063/1.4812323,scheduling,crossref,https://doi.org/10.1063/1.4812323,7.770
56,"<i>Mercury 4.0</i>: from visualization to analysis, design and prediction",2020,4943,Clare F. Macrae; Ioana Sovago; Simon J. Cottrell; Peter T. A. Galek; Patrick McCabe; Elna Pidcock; Michael Platings; Greg P. Shields; Joanna S. Stevens; Matthew Towler; Peter A. Wood,Journal of Applied Crystallography,10.1107/s1600576719014092,game_theory_or,crossref,https://doi.org/10.1107/s1600576719014092,7.768
57,A novel metaheuristic method for solving constrained engineering optimization problems: Crow search algorithm,2016,2024,Alireza Askarzadeh,Computers &amp; Structures,10.1016/j.compstruc.2016.03.001,linear_programming|combinatorial_optimization|network_flows|stochastic_or|dynamic_programming|nonlinear_convex|metaheuristics|multiobjective|inventory_supply_chain|queuing_simulation|graph_or|cutting_packing,crossref,https://doi.org/10.1016/j.compstruc.2016.03.001,7.765
58,A fast and robust algorithm for Bader decomposition of charge density,2006,10217,Graeme Henkelman; Andri Arnaldsson; Hannes Jónsson,Computational Materials Science,10.1016/j.commatsci.2005.04.010,network_flows|stochastic_or|nonlinear_convex|column_generation_decomp|graph_or|cutting_packing,crossref,https://doi.org/10.1016/j.commatsci.2005.04.010,7.759
59,"Using SeDuMi 1.02, A Matlab toolbox for optimization over symmetric cones",1999,5427,Jos F. Sturm,Optimization Methods and Software,10.1080/10556789908805766,combinatorial_optimization|stochastic_or|dynamic_programming|nonlinear_convex|metaheuristics|multiobjective|game_theory_or|inventory_supply_chain|queuing_simulation|ml_or_hybrid,crossref,https://doi.org/10.1080/10556789908805766,7.759
60,Variational Mode Decomposition,2014,8540,Konstantin Dragomiretskiy; Dominique Zosso,IEEE Transactions on Signal Processing,10.1109/tsp.2013.2288675,dynamic_programming|column_generation_decomp,crossref,https://doi.org/10.1109/tsp.2013.2288675,7.743
61,<i>TOPAS</i> and <i>TOPAS-Academic</i>: an optimization program integrating computer algebra and crystallographic objects written in C++,2018,2418,Alan A. Coelho,Journal of Applied Crystallography,10.1107/s1600576718000183,combinatorial_optimization|stochastic_or|dynamic_programming|nonlinear_convex|metaheuristics|multiobjective|game_theory_or|inventory_supply_chain|queuing_simulation,crossref,https://doi.org/10.1107/s1600576718000183,7.726
62,<i>WinGX</i>and<i>ORTEP for Windows</i>: an update,2012,11364,Louis J. Farrugia,Journal of Applied Crystallography,10.1107/s0021889812029111,tsp_routing,crossref,https://doi.org/10.1107/s0021889812029111,7.706
63,Response surface methodology (RSM) as a tool for optimization in analytical chemistry,2008,5264,Marcos Almeida Bezerra; Ricardo Erthal Santelli; Eliane Padua Oliveira; Leonardo Silveira Villar; Luciane Amélia Escaleira,Talanta,10.1016/j.talanta.2008.05.019,combinatorial_optimization|stochastic_or|dynamic_programming|nonlinear_convex|metaheuristics|multiobjective|game_theory_or|inventory_supply_chain|queuing_simulation|ml_or_hybrid,crossref,https://doi.org/10.1016/j.talanta.2008.05.019,7.704
64,MrBayes 3: Bayesian phylogenetic inference under mixed models,2003,21944,Fredrik Ronquist; John P. Huelsenbeck,Bioinformatics,10.1093/bioinformatics/btg180,integer_programming|ml_or_hybrid,crossref,https://doi.org/10.1093/bioinformatics/btg180,7.699
65,Arlequin suite ver 3.5: a new series of programs to perform population genetics analyses under Linux and Windows,2010,14084,LAURENT EXCOFFIER; HEIDI E. L. LISCHER,Molecular Ecology Resources,10.1111/j.1755-0998.2010.02847.x,tsp_routing,crossref,https://doi.org/10.1111/j.1755-0998.2010.02847.x,7.658
66,"<i>PRISMA2020</i>
                    : An R package and Shiny app for producing PRISMA 2020‐compliant flow diagrams, with interactivity for optimised digital transparency and Open Synthesis",2022,2978,Neal R. Haddaway; Matthew J. Page; Chris C. Pritchard; Luke A. McGuinness,Campbell Systematic Reviews,10.1002/cl2.1230,network_flows,crossref,https://doi.org/10.1002/cl2.1230,7.619
67,Optimization Methods for Large-Scale Machine Learning,2018,2123,Léon Bottou; Frank E. Curtis; Jorge Nocedal,SIAM Review,10.1137/16m1080173,combinatorial_optimization|stochastic_or|dynamic_programming|nonlinear_convex|metaheuristics|multiobjective|game_theory_or|inventory_supply_chain|queuing_simulation,crossref,https://doi.org/10.1137/16m1080173,7.618
68,Particle Swarm Optimization: A Comprehensive Survey,2022,1334,Tareq M. Shami; Ayman A. El-Saleh; Mohammed Alswaitti; Qasem Al-Tashi; Mhd Amen Summakieh; Seyedali Mirjalili,IEEE Access,10.1109/access.2022.3142859,combinatorial_optimization|stochastic_or|nonlinear_convex|metaheuristics|multiobjective|inventory_supply_chain|queuing_simulation,crossref,https://doi.org/10.1109/access.2022.3142859,7.609
69,Ant system: optimization by a colony of cooperating agents,1996,8870,M. Dorigo; V. Maniezzo; A. Colorni,"IEEE Transactions on Systems, Man, and Cybernetics, Part B (Cybernetics)",10.1109/3477.484436,combinatorial_optimization|stochastic_or|dynamic_programming|nonlinear_convex|metaheuristics|multiobjective|game_theory_or|inventory_supply_chain|queuing_simulation|ml_or_hybrid,crossref,https://doi.org/10.1109/3477.484436,7.608
70,The empirical mode decomposition and the Hilbert spectrum for nonlinear and non-stationary time series analysis,1998,19781,Norden E. Huang; Zheng Shen; Steven R. Long; Manli C. Wu; Hsing H. Shih; Quanan Zheng; Nai-Chyuan Yen; Chi Chao Tung; Henry H. Liu,"Proceedings of the Royal Society of London. Series A: Mathematical, Physical and Engineering Sciences",10.1098/rspa.1998.0193,tsp_routing|nonlinear_convex|column_generation_decomp,crossref,https://doi.org/10.1098/rspa.1998.0193,7.597
71,Dynamic programming algorithm optimization for spoken word recognition,1978,5218,H. Sakoe; S. Chiba,"IEEE Transactions on Acoustics, Speech, and Signal Processing",10.1109/tassp.1978.1163055,linear_programming|integer_programming|combinatorial_optimization|network_flows|stochastic_or|dynamic_programming|nonlinear_convex|metaheuristics|multiobjective|game_theory_or|inventory_supply_chain|queuing_simulation|constraint_programming|graph_or|cutting_packing|ml_or_hybrid|or_foundations_survey,crossref,https://doi.org/10.1109/tassp.1978.1163055,7.595
72,Decoding by Linear Programming,2005,5425,E.J. Candes; T. Tao,IEEE Transactions on Information Theory,10.1109/tit.2005.858979,linear_programming|integer_programming|stochastic_or|dynamic_programming|nonlinear_convex|multiobjective|game_theory_or|queuing_simulation|constraint_programming|or_foundations_survey,crossref,https://doi.org/10.1109/tit.2005.858979,7.582
73,"RAxML-NG: a fast, scalable and user-friendly tool for maximum likelihood phylogenetic inference",2019,4105,Alexey M Kozlov; Diego Darriba; Tomáš Flouri; Benoit Morel; Alexandros Stamatakis,Bioinformatics,10.1093/bioinformatics/btz305,network_flows|graph_or,crossref,https://doi.org/10.1093/bioinformatics/btz305,7.581
74,CD-HIT: accelerated for clustering the next-generation sequencing data,2012,10520,Limin Fu; Beifang Niu; Zhengwei Zhu; Sitao Wu; Weizhong Li,Bioinformatics,10.1093/bioinformatics/bts565,column_generation_decomp,crossref,https://doi.org/10.1093/bioinformatics/bts565,7.577
75,African vultures optimization algorithm: A new nature-inspired metaheuristic algorithm for global optimization problems,2021,1345,Benyamin Abdollahzadeh; Farhad Soleimanian Gharehchopogh; Seyedali Mirjalili,Computers &amp; Industrial Engineering,10.1016/j.cie.2021.107408,combinatorial_optimization|network_flows|stochastic_or|nonlinear_convex|metaheuristics|multiobjective|inventory_supply_chain|queuing_simulation|graph_or|cutting_packing,crossref,https://doi.org/10.1016/j.cie.2021.107408,7.571
76,STRUCTURE HARVESTER: a website and program for visualizing STRUCTURE output and implementing the Evanno method,2012,10418,Dent A. Earl; Bridgett M. vonHoldt,Conservation Genetics Resources,10.1007/s12686-011-9548-7,linear_programming,crossref,https://doi.org/10.1007/s12686-011-9548-7,7.569
77,Ant colony optimization,2006,4880,Marco Dorigo; Mauro Birattari; Thomas Stutzle,IEEE Computational Intelligence Magazine,10.1109/mci.2006.329691,combinatorial_optimization|stochastic_or|dynamic_programming|nonlinear_convex|metaheuristics|multiobjective|game_theory_or|inventory_supply_chain|queuing_simulation|ml_or_hybrid,crossref,https://doi.org/10.1109/mci.2006.329691,7.550
78,Survey of multi-objective optimization methods for engineering,2004,3822,R.T. Marler; J.S. Arora,Structural and Multidisciplinary Optimization,10.1007/s00158-003-0368-6,combinatorial_optimization|stochastic_or|nonlinear_convex|metaheuristics|multiobjective|game_theory_or|inventory_supply_chain|queuing_simulation|or_foundations_survey,crossref,https://doi.org/10.1007/s00158-003-0368-6,7.538
79,Measuring the efficiency of decision making units,1978,21790,A. Charnes; W.W. Cooper; E. Rhodes,European Journal of Operational Research,10.1016/0377-2217(78)90138-8,dynamic_programming|or_foundations_survey,crossref,https://doi.org/10.1016/0377-2217(78)90138-8,7.491
80,Particle swarm optimization,2007,4096,Riccardo Poli; James Kennedy; Tim Blackwell,Swarm Intelligence,10.1007/s11721-007-0002-0,combinatorial_optimization|stochastic_or|dynamic_programming|nonlinear_convex|metaheuristics|multiobjective|game_theory_or|inventory_supply_chain|queuing_simulation|ml_or_hybrid,crossref,https://doi.org/10.1007/s11721-007-0002-0,7.468
81,Muiltiobjective Optimization Using Nondominated Sorting in Genetic Algorithms,1994,5686,N. Srinivas; Kalyanmoy Deb,Evolutionary Computation,10.1162/evco.1994.2.3.221,combinatorial_optimization|stochastic_or|dynamic_programming|nonlinear_convex|metaheuristics|multiobjective|game_theory_or|inventory_supply_chain|queuing_simulation|ml_or_hybrid,crossref,https://doi.org/10.1162/evco.1994.2.3.221,7.460
82,Marine Predators Algorithm: A nature-inspired metaheuristic,2020,2243,Afshin Faramarzi; Mohammad Heidarinejad; Seyedali Mirjalili; Amir H. Gandomi,Expert Systems with Applications,10.1016/j.eswa.2020.113377,network_flows|nonlinear_convex|graph_or|cutting_packing,crossref,https://doi.org/10.1016/j.eswa.2020.113377,7.458
83,Machine learning for combinatorial optimization: A methodological tour d’horizon,2021,1146,Yoshua Bengio; Andrea Lodi; Antoine Prouvost,European Journal of Operational Research,10.1016/j.ejor.2020.07.063,combinatorial_optimization|nonlinear_convex|metaheuristics|multiobjective|game_theory_or|ml_or_hybrid,crossref,https://doi.org/10.1016/j.ejor.2020.07.063,7.430
84,Honey Badger Algorithm: New metaheuristic algorithm for solving optimization problems,2022,1230,Fatma A. Hashim; Essam H. Houssein; Kashif Hussain; Mai S. Mabrouk; Walid Al-Atabany,Mathematics and Computers in Simulation,10.1016/j.matcom.2021.08.013,combinatorial_optimization|network_flows|nonlinear_convex|metaheuristics|multiobjective|queuing_simulation|graph_or|cutting_packing,crossref,https://doi.org/10.1016/j.matcom.2021.08.013,7.427
85,A theory for multiresolution signal decomposition: the wavelet representation,1989,16390,S.G. Mallat,IEEE Transactions on Pattern Analysis and Machine Intelligence,10.1109/34.192463,scheduling|game_theory_or|queuing_simulation|column_generation_decomp|ml_or_hybrid,crossref,https://doi.org/10.1109/34.192463,7.414
86,LSST: From Science Drivers to Reference Design and Anticipated Data Products,2019,3487,Željko Ivezić; Steven M. Kahn; J. Anthony Tyson; Bob Abel; Emily Acosta; Robyn Allsman; David Alonso; Yusra AlSayyad; Scott F. Anderson; John Andrew; James Roger P. Angel; George Z. Angeli,The Astrophysical Journal,10.3847/1538-4357/ab042c,game_theory_or,crossref,https://doi.org/10.3847/1538-4357/ab042c,7.413
87,Butterfly optimization algorithm: a novel approach for global optimization,2019,1584,Sankalap Arora; Satvir Singh,Soft Computing,10.1007/s00500-018-3102-4,combinatorial_optimization|network_flows|stochastic_or|nonlinear_convex|metaheuristics|multiobjective|inventory_supply_chain|queuing_simulation|graph_or|cutting_packing,crossref,https://doi.org/10.1007/s00500-018-3102-4,7.407
88,Blockchain technology and its relationships to sustainable supply chain management,2019,3423,Sara Saberi; Mahtab Kouhizadeh; Joseph Sarkis; Lejia Shen,International Journal of Production Research,10.1080/00207543.2018.1533261,inventory_supply_chain,crossref,https://doi.org/10.1080/00207543.2018.1533261,7.398
89,Differential Evolution Algorithm With Strategy Adaptation for Global Numerical Optimization,2009,3236,A.K. Qin; V.L. Huang; P.N. Suganthan,IEEE Transactions on Evolutionary Computation,10.1109/tevc.2008.927706,combinatorial_optimization|network_flows|stochastic_or|nonlinear_convex|metaheuristics|multiobjective|inventory_supply_chain|queuing_simulation|graph_or|cutting_packing,crossref,https://doi.org/10.1109/tevc.2008.927706,7.394
90,Energy-Efficient UAV Communication With Trajectory Optimization,2017,2040,Yong Zeng; Rui Zhang,IEEE Transactions on Wireless Communications,10.1109/twc.2017.2688328,combinatorial_optimization|stochastic_or|dynamic_programming|nonlinear_convex|metaheuristics|multiobjective|inventory_supply_chain|queuing_simulation,crossref,https://doi.org/10.1109/twc.2017.2688328,7.389
91,Fast model-based estimation of ancestry in unrelated individuals,2009,9327,David H. Alexander; John Novembre; Kenneth Lange,Genome Research,10.1101/gr.094052.109,inventory_supply_chain|constraint_programming,crossref,https://doi.org/10.1101/gr.094052.109,7.385
92,ENSEMBLE EMPIRICAL MODE DECOMPOSITION: A NOISE-ASSISTED DATA ANALYSIS METHOD,2009,7716,ZHAOHUA WU; NORDEN E. HUANG,Advances in Adaptive Data Analysis,10.1142/s1793536909000047,linear_programming|column_generation_decomp,crossref,https://doi.org/10.1142/s1793536909000047,7.384
93,MapReduce,2008,11386,Jeffrey Dean; Sanjay Ghemawat,Communications of the ACM,10.1145/1327452.1327492,metaheuristics,crossref,https://doi.org/10.1145/1327452.1327492,7.376
94,Grasshopper Optimisation Algorithm: Theory and application,2017,2524,Shahrzad Saremi; Seyedali Mirjalili; Andrew Lewis,Advances in Engineering Software,10.1016/j.advengsoft.2017.01.004,network_flows|nonlinear_convex|game_theory_or|queuing_simulation|graph_or|cutting_packing,crossref,https://doi.org/10.1016/j.advengsoft.2017.01.004,7.363
95,Optimization of parameters for semiempirical methods I. Method,1989,6859,James J. P. Stewart,Journal of Computational Chemistry,10.1002/jcc.540100208,linear_programming|combinatorial_optimization|stochastic_or|dynamic_programming|nonlinear_convex|metaheuristics|multiobjective|game_theory_or|inventory_supply_chain|queuing_simulation|ml_or_hybrid,crossref,https://doi.org/10.1002/jcc.540100208,7.361
96,Optimization of conditional value-at-risk,2000,5185,R. Tyrrell Rockafellar; Stanislav Uryasev,The Journal of Risk,10.21314/jor.2000.038,combinatorial_optimization|stochastic_or|dynamic_programming|nonlinear_convex|metaheuristics|multiobjective|game_theory_or|inventory_supply_chain|queuing_simulation|ml_or_hybrid,crossref,https://doi.org/10.21314/jor.2000.038,7.359
97,OSQP: an operator splitting solver for quadratic programs,2020,1034,Bartolomeo Stellato; Goran Banjac; Paul Goulart; Alberto Bemporad; Stephen Boyd,Mathematical Programming Computation,10.1007/s12532-020-00179-2,linear_programming|integer_programming|stochastic_or|dynamic_programming|nonlinear_convex|multiobjective|constraint_programming,crossref,https://doi.org/10.1007/s12532-020-00179-2,7.323
98,"A general reinforcement learning algorithm that masters chess, shogi, and Go through self-play",2018,2630,David Silver; Thomas Hubert; Julian Schrittwieser; Ioannis Antonoglou; Matthew Lai; Arthur Guez; Marc Lanctot; Laurent Sifre; Dharshan Kumaran; Thore Graepel; Timothy Lillicrap; Karen Simonyan,Science,10.1126/science.aar6404,network_flows|nonlinear_convex|graph_or|cutting_packing,crossref,https://doi.org/10.1126/science.aar6404,7.296
99,Epigenetic programming by maternal behavior,2004,4974,Ian C G Weaver; Nadia Cervoni; Frances A Champagne; Ana C D'Alessio; Shakti Sharma; Jonathan R Seckl; Sergiy Dymov; Moshe Szyf; Michael J Meaney,Nature Neuroscience,10.1038/nn1276,linear_programming|integer_programming|stochastic_or|dynamic_programming|nonlinear_convex|multiobjective|constraint_programming|or_foundations_survey,crossref,https://doi.org/10.1038/nn1276,7.277
100,Optimized sgRNA design to maximize activity and minimize off-target effects of CRISPR-Cas9,2016,4630,John G Doench; Nicolo Fusi; Meagan Sullender; Mudra Hegde; Emma W Vaimberg; Katherine F Donovan; Ian Smith; Zuzana Tothova; Craig Wilen; Robert Orchard; Herbert W Virgin; Jennifer Listgarten,Nature Biotechnology,10.1038/nbt.3437,game_theory_or,crossref,https://doi.org/10.1038/nbt.3437,7.263
101,Semidefinite Relaxation of Quadratic Optimization Problems,2010,3428,Zhi-quan Luo; Wing-kin Ma; Anthony So; Yinyu Ye; Shuzhong Zhang,IEEE Signal Processing Magazine,10.1109/msp.2010.936019,combinatorial_optimization|stochastic_or|nonlinear_convex|metaheuristics|multiobjective|inventory_supply_chain|queuing_simulation,crossref,https://doi.org/10.1109/msp.2010.936019,7.262
102,Multi-objective grey wolf optimizer: A novel algorithm for multi-criterion optimization,2016,1694,Seyedali Mirjalili; Shahrzad Saremi; Seyed Mohammad Mirjalili; Leandro dos S. Coelho,Expert Systems with Applications,10.1016/j.eswa.2015.10.039,combinatorial_optimization|network_flows|stochastic_or|nonlinear_convex|metaheuristics|multiobjective|inventory_supply_chain|queuing_simulation|graph_or|cutting_packing,crossref,https://doi.org/10.1016/j.eswa.2015.10.039,7.251
103,Systematic optimization of long-range corrected hybrid density functionals,2008,3743,Jeng-Da Chai; Martin Head-Gordon,The Journal of Chemical Physics,10.1063/1.2834918,combinatorial_optimization|stochastic_or|nonlinear_convex|metaheuristics|multiobjective|game_theory_or|inventory_supply_chain|queuing_simulation,crossref,https://doi.org/10.1063/1.2834918,7.251
104,Biogeography-Based Optimization,2008,3741,D. Simon,IEEE Transactions on Evolutionary Computation,10.1109/tevc.2008.919004,combinatorial_optimization|stochastic_or|nonlinear_convex|metaheuristics|multiobjective|game_theory_or|inventory_supply_chain|queuing_simulation,crossref,https://doi.org/10.1109/tevc.2008.919004,7.251
105,Non-fullerene acceptors with branched side chains and improved molecular packing to exceed 18% efficiency in organic solar cells,2021,2145,Chao Li; Jiadong Zhou; Jiali Song; Jinqiu Xu; Huotian Zhang; Xuning Zhang; Jing Guo; Lei Zhu; Donghui Wei; Guangchao Han; Jie Min; Yuan Zhang,Nature Energy,10.1038/s41560-021-00820-x,cutting_packing,crossref,https://doi.org/10.1038/s41560-021-00820-x,7.250
106,Machine Learning for Fluid Mechanics,2020,2680,Steven L. Brunton; Bernd R. Noack; Petros Koumoutsakos,Annual Review of Fluid Mechanics,10.1146/annurev-fluid-010719-060214,scheduling,crossref,https://doi.org/10.1146/annurev-fluid-010719-060214,7.242
107,Efficacy of Pembrolizumab in Patients With Noncolorectal High Microsatellite Instability/Mismatch Repair–Deficient Cancer: Results From the Phase II KEYNOTE-158 Study,2020,2672,Aurelien Marabelle; Dung T. Le; Paolo A. Ascierto; Anna Maria Di Giacomo; Ana De Jesus-Acosta; Jean-Pierre Delord; Ravit Geva; Maya Gottfried; Nicolas Penel; Aaron R. Hansen; Sarina A. Piha-Paul; Toshihiko Doi,Journal of Clinical Oncology,10.1200/jco.19.02105,multiobjective,crossref,https://doi.org/10.1200/jco.19.02105,7.239
108,CHARMM‐GUI: A web‐based graphical user interface for CHARMM,2008,9358,Sunhwan Jo; Taehoon Kim; Vidyashankara G. Iyer; Wonpil Im,Journal of Computational Chemistry,10.1002/jcc.20945,constraint_programming,crossref,https://doi.org/10.1002/jcc.20945,7.230
109,Probabilistic programming in Python using PyMC3,2016,2096,John Salvatier; Thomas V. Wiecki; Christopher Fonnesbeck,PeerJ Computer Science,10.7717/peerj-cs.55,linear_programming|integer_programming|stochastic_or|dynamic_programming|nonlinear_convex|multiobjective|constraint_programming,crossref,https://doi.org/10.7717/peerj-cs.55,7.223
110,Understanding and Mitigating Gradient Flow Pathologies in Physics-Informed Neural Networks,2021,1731,Sifan Wang; Yujun Teng; Paris Perdikaris,SIAM Journal on Scientific Computing,10.1137/20m1318043,network_flows,crossref,https://doi.org/10.1137/20m1318043,7.222
111,"Dragonfly algorithm: a new meta-heuristic optimization technique for solving single-objective, discrete, and multi-objective problems",2016,2455,Seyedali Mirjalili,Neural Computing and Applications,10.1007/s00521-015-1920-1,combinatorial_optimization|nonlinear_convex|metaheuristics|multiobjective|queuing_simulation,crossref,https://doi.org/10.1007/s00521-015-1920-1,7.221
112,Multi-Verse Optimizer: a nature-inspired algorithm for global optimization,2016,2665,Seyedali Mirjalili; Seyed Mohammad Mirjalili; Abdolreza Hatamlou,Neural Computing and Applications,10.1007/s00521-015-1870-7,combinatorial_optimization|stochastic_or|nonlinear_convex|metaheuristics|multiobjective,crossref,https://doi.org/10.1007/s00521-015-1870-7,7.217
113,CHARMM: The biomolecular simulation program,2009,8439,B. R. Brooks; C. L. Brooks; A. D. Mackerell; L. Nilsson; R. J. Petrella; B. Roux; Y. Won; G. Archontis; C. Bartels; S. Boresch; A. Caflisch; L. Caves,Journal of Computational Chemistry,10.1002/jcc.21287,queuing_simulation,crossref,https://doi.org/10.1002/jcc.21287,7.211
114,Cd-hit: a fast program for clustering and comparing large sets of protein or nucleotide sequences,2006,10512,Weizhong Li; Adam Godzik,Bioinformatics,10.1093/bioinformatics/btl158,metaheuristics,crossref,https://doi.org/10.1093/bioinformatics/btl158,7.210
115,"The promising future of microalgae: current status, challenges, and optimization of a sustainable and renewable industry for biofuels, feed, and other products",2018,1793,Muhammad Imran Khan; Jin Hyuk Shin; Jong Deog Kim,Microbial Cell Factories,10.1186/s12934-018-0879-x,combinatorial_optimization|stochastic_or|dynamic_programming|nonlinear_convex|metaheuristics|multiobjective|inventory_supply_chain|queuing_simulation,crossref,https://doi.org/10.1186/s12934-018-0879-x,7.208
116,Multi-objective optimization using genetic algorithms: A tutorial,2006,2835,Abdullah Konak; David W. Coit; Alice E. Smith,Reliability Engineering &amp; System Safety,10.1016/j.ress.2005.11.018,combinatorial_optimization|stochastic_or|nonlinear_convex|metaheuristics|multiobjective|inventory_supply_chain|queuing_simulation,crossref,https://doi.org/10.1016/j.ress.2005.11.018,7.204
117,Handling multiple objectives with particle swarm optimization,2004,3903,C.A.C. Coello; G.T. Pulido; M.S. Lechuga,IEEE Transactions on Evolutionary Computation,10.1109/tevc.2004.826067,combinatorial_optimization|stochastic_or|nonlinear_convex|metaheuristics|multiobjective|game_theory_or|inventory_supply_chain|queuing_simulation|ml_or_hybrid,crossref,https://doi.org/10.1109/tevc.2004.826067,7.203
118,"An overview of clinical decision support systems: benefits, risks, and strategies for success",2020,2495,Reed T. Sutton; David Pincock; Daniel C. Baumgart; Daniel C. Sadowski; Richard N. Fedorak; Karen I. Kroeker,npj Digital Medicine,10.1038/s41746-020-0221-y,dynamic_programming,crossref,https://doi.org/10.1038/s41746-020-0221-y,7.180
119,Optimal shape design as a material distribution problem,1989,3838,M. P. Bendsøe,Structural Optimization,10.1007/bf01650949,combinatorial_optimization|tsp_routing|stochastic_or|nonlinear_convex|metaheuristics|multiobjective|game_theory_or|inventory_supply_chain|queuing_simulation|constraint_programming|graph_or|cutting_packing|ml_or_hybrid,crossref,https://doi.org/10.1007/bf01650949,7.173
120,The Impact of Enhancing Students’ Social and Emotional Learning: A Meta-Analysis of School-Based Universal Interventions,2011,5884,Joseph A Durlak; Roger P Weissberg; Allison B Dymnicki; Rebecca D Taylor; Kriston B Schellinger,Child Development,10.1111/j.1467-8624.2010.01564.x,constraint_programming|ml_or_hybrid,crossref,https://doi.org/10.1111/j.1467-8624.2010.01564.x,7.162
121,A Reference Vector Guided Evolutionary Algorithm for Many-Objective Optimization,2016,1634,Ran Cheng; Yaochu Jin; Markus Olhofer; Bernhard Sendhoff,IEEE Transactions on Evolutionary Computation,10.1109/tevc.2016.2519378,combinatorial_optimization|network_flows|stochastic_or|nonlinear_convex|metaheuristics|multiobjective|inventory_supply_chain|queuing_simulation|graph_or|cutting_packing,crossref,https://doi.org/10.1109/tevc.2016.2519378,7.152
122,tRNAscan-SE: A Program for Improved Detection of Transfer RNA Genes in Genomic Sequence,1997,16089,Todd M. Lowe; Sean R. Eddy,Nucleic Acids Research,10.1093/nar/25.5.955,or_foundations_survey,crossref,https://doi.org/10.1093/nar/25.5.955,7.150
123,Reptile Search Algorithm (RSA): A nature-inspired meta-heuristic optimizer,2022,1357,Laith Abualigah; Mohamed Abd Elaziz; Putra Sumari; Zong Woo Geem; Amir H. Gandomi,Expert Systems with Applications,10.1016/j.eswa.2021.116158,network_flows|nonlinear_convex|metaheuristics|graph_or|cutting_packing,crossref,https://doi.org/10.1016/j.eswa.2021.116158,7.145
124,Clustered Federated Learning: Model-Agnostic Distributed Multitask Optimization Under Privacy Constraints,2021,1122,Felix Sattler; Klaus-Robert Muller; Wojciech Samek,IEEE Transactions on Neural Networks and Learning Systems,10.1109/tnnls.2020.3015958,combinatorial_optimization|nonlinear_convex|metaheuristics|multiobjective,crossref,https://doi.org/10.1109/tnnls.2020.3015958,7.142
125,Attention Based Spatial-Temporal Graph Convolutional Networks for Traffic Flow Forecasting,2019,2432,Shengnan Guo; Youfang Lin; Ning Feng; Chao Song; Huaiyu Wan,Proceedings of the AAAI Conference on Artificial Intelligence,10.1609/aaai.v33i01.3301922,network_flows|graph_or,crossref,https://doi.org/10.1609/aaai.v33i01.3301922,7.139
126,Exact Matrix Completion via Convex Optimization,2009,3436,Emmanuel J. Candès; Benjamin Recht,Foundations of Computational Mathematics,10.1007/s10208-009-9045-5,combinatorial_optimization|stochastic_or|nonlinear_convex|metaheuristics|multiobjective|inventory_supply_chain|queuing_simulation,crossref,https://doi.org/10.1007/s10208-009-9045-5,7.139
127,Fractional Programming for Communication Systems—Part I: Power Control and Beamforming,2018,1845,Kaiming Shen; Wei Yu,IEEE Transactions on Signal Processing,10.1109/tsp.2018.2812733,linear_programming|integer_programming|stochastic_or|dynamic_programming|nonlinear_convex|multiobjective|constraint_programming,crossref,https://doi.org/10.1109/tsp.2018.2812733,7.132
128,"Necroptosis, pyroptosis and apoptosis: an intricate game of cell death",2021,2021,Damien Bertheloot; Eicke Latz; Bernardo S. Franklin,Cellular &amp; Molecular Immunology,10.1038/s41423-020-00630-3,game_theory_or,crossref,https://doi.org/10.1038/s41423-020-00630-3,7.128
129,The atomic simulation environment—a Python library for working with atoms,2017,3464,Ask Hjorth Larsen; Jens Jørgen Mortensen; Jakob Blomqvist; Ivano E Castelli; Rune Christensen; Marcin Dułak; Jesper Friis; Michael N Groves; Bjørk Hammer; Cory Hargus; Eric D Hermes; Paul C Jennings,Journal of Physics: Condensed Matter,10.1088/1361-648x/aa680e,queuing_simulation,crossref,https://doi.org/10.1088/1361-648x/aa680e,7.122
130,From a literature review to a conceptual framework for sustainable supply chain management,2008,4829,Stefan Seuring; Martin Müller,Journal of Cleaner Production,10.1016/j.jclepro.2008.04.020,inventory_supply_chain,crossref,https://doi.org/10.1016/j.jclepro.2008.04.020,7.090
131,Distributed Subgradient Methods for Multi-Agent Optimization,2009,3180,Angelia Nedic; Asuman Ozdaglar,IEEE Transactions on Automatic Control,10.1109/tac.2008.2009515,combinatorial_optimization|stochastic_or|nonlinear_convex|metaheuristics|multiobjective|inventory_supply_chain|queuing_simulation,crossref,https://doi.org/10.1109/tac.2008.2009515,7.081
132,Dynamic mode decomposition of numerical and experimental data,2010,5210,PETER J. SCHMID,Journal of Fluid Mechanics,10.1017/s0022112010001217,dynamic_programming|column_generation_decomp,crossref,https://doi.org/10.1017/s0022112010001217,7.078
133,MODELTEST: testing the model of DNA substitution.,1998,13462,D Posada; K A Crandall,Bioinformatics,10.1093/bioinformatics/14.9.817,inventory_supply_chain,crossref,https://doi.org/10.1093/bioinformatics/14.9.817,7.059
134,The Mythos of Model Interpretability,2018,2512,Zachary C. Lipton,Queue,10.1145/3236386.3241340,scheduling|inventory_supply_chain,crossref,https://doi.org/10.1145/3236386.3241340,7.058
135,Ant colony system: a cooperative learning approach to the traveling salesman problem,1997,6045,M. Dorigo; L.M. Gambardella,IEEE Transactions on Evolutionary Computation,10.1109/4235.585892,tsp_routing|inventory_supply_chain|constraint_programming|graph_or|cutting_packing|ml_or_hybrid,crossref,https://doi.org/10.1109/4235.585892,7.043
136,An Adaptive Large Neighborhood Search Heuristic for the Pickup and Delivery Problem with Time Windows,2006,2207,Stefan Ropke; David Pisinger,Transportation Science,10.1287/trsc.1050.0135,tsp_routing|metaheuristics|inventory_supply_chain|constraint_programming|graph_or|cutting_packing,crossref,https://doi.org/10.1287/trsc.1050.0135,7.041
137,The Byzantine Generals Problem,1982,4386,Leslie Lamport; Robert Shostak; Marshall Pease,ACM Transactions on Programming Languages and Systems,10.1145/357172.357176,linear_programming|integer_programming|tsp_routing|stochastic_or|dynamic_programming|nonlinear_convex|multiobjective|inventory_supply_chain|constraint_programming|graph_or|cutting_packing|or_foundations_survey,crossref,https://doi.org/10.1145/357172.357176,7.040
138,"A Paravascular Pathway Facilitates CSF Flow Through the Brain Parenchyma and the Clearance of Interstitial Solutes, Including Amyloid β",2012,5233,Jeffrey J. Iliff; Minghuan Wang; Yonghong Liao; Benjamin A. Plogg; Weiguo Peng; Georg A. Gundersen; Helene Benveniste; G. Edward Vates; Rashid Deane; Steven A. Goldman; Erlend A. Nagelhus; Maiken Nedergaard,Science Translational Medicine,10.1126/scitranslmed.3003748,network_flows,crossref,https://doi.org/10.1126/scitranslmed.3003748,7.039
139,The Amber biomolecular simulation programs,2005,8773,David A. Case; Thomas E. Cheatham; Tom Darden; Holger Gohlke; Ray Luo; Kenneth M. Merz; Alexey Onufriev; Carlos Simmerling; Bing Wang; Robert J. Woods,Journal of Computational Chemistry,10.1002/jcc.20290,queuing_simulation,crossref,https://doi.org/10.1002/jcc.20290,7.030
140,Polymorphic transitions in single crystals: A new molecular dynamics method,1981,19219,M. Parrinello; A. Rahman,Journal of Applied Physics,10.1063/1.328693,linear_programming,crossref,https://doi.org/10.1063/1.328693,7.030
141,z-Tree: Zurich toolbox for ready-made economic experiments,2007,7658,Urs Fischbacher,Experimental Economics,10.1007/s10683-006-9159-4,graph_or,crossref,https://doi.org/10.1007/s10683-006-9159-4,7.029
142,LOBSTER: A tool to extract chemical bonding from plane‐wave based DFT,2016,3463,Stefan Maintz; Volker L. Deringer; Andrei L. Tchougréeff; Richard Dronskowski,Journal of Computational Chemistry,10.1002/jcc.24300,constraint_programming,crossref,https://doi.org/10.1002/jcc.24300,7.028
143,Surrogate Gradient Learning in Spiking Neural Networks: Bringing the Power of Gradient-Based Optimization to Spiking Neural Networks,2019,1421,Emre O. Neftci; Hesham Mostafa; Friedemann Zenke,IEEE Signal Processing Magazine,10.1109/msp.2019.2931595,combinatorial_optimization|stochastic_or|nonlinear_convex|metaheuristics|multiobjective|inventory_supply_chain|queuing_simulation,crossref,https://doi.org/10.1109/msp.2019.2931595,7.015
144,Optimization of parameters for semiempirical methods V: Modification of NDDO approximations and application to 70 elements,2007,3288,James J. P. Stewart,Journal of Molecular Modeling,10.1007/s00894-007-0233-4,combinatorial_optimization|stochastic_or|nonlinear_convex|metaheuristics|multiobjective|inventory_supply_chain|queuing_simulation,crossref,https://doi.org/10.1007/s00894-007-0233-4,7.007
145,MUSCLE: a multiple sequence alignment method with reduced time and space complexity,2004,7802,Robert C Edgar,BMC Bioinformatics,10.1186/1471-2105-5-113,linear_programming|tsp_routing,crossref,https://doi.org/10.1186/1471-2105-5-113,7.001
146,The method of moving asymptotes—a new method for structural optimization,1987,4900,Krister Svanberg,International Journal for Numerical Methods in Engineering,10.1002/nme.1620240207,combinatorial_optimization|stochastic_or|dynamic_programming|nonlinear_convex|metaheuristics|multiobjective|game_theory_or|inventory_supply_chain|queuing_simulation|ml_or_hybrid,crossref,https://doi.org/10.1002/nme.1620240207,6.998
147,Comprehensive learning particle swarm optimizer for global optimization of multimodal functions,2006,3347,J.J. Liang; A.K. Qin; P.N. Suganthan; S. Baskar,IEEE Transactions on Evolutionary Computation,10.1109/tevc.2005.857610,combinatorial_optimization|stochastic_or|nonlinear_convex|metaheuristics|multiobjective|inventory_supply_chain|queuing_simulation,crossref,https://doi.org/10.1109/tevc.2005.857610,6.975
148,The CCP4 suite: programs for protein crystallography,1994,14099,"Collaborative Computational Project, Number 4",Acta Crystallographica Section D Biological Crystallography,10.1107/s0907444994003112,scheduling,crossref,https://doi.org/10.1107/s0907444994003112,6.969
149,A mixed-cation lead mixed-halide perovskite absorber for tandem solar cells,2016,2930,David P. McMeekin; Golnaz Sadoughi; Waqaas Rehman; Giles E. Eperon; Michael Saliba; Maximilian T. Hörantner; Amir Haghighirad; Nobuya Sakai; Lars Korte; Bernd Rech; Michael B. Johnston; Laura M. Herz,Science,10.1126/science.aad5845,integer_programming,crossref,https://doi.org/10.1126/science.aad5845,6.964
150,A slacks-based measure of efficiency in data envelopment analysis,2001,5120,Kaoru Tone,European Journal of Operational Research,10.1016/s0377-2217(99)00407-5,constraint_programming,crossref,https://doi.org/10.1016/s0377-2217(99)00407-5,6.954
151,"Blockchain technology in supply chain operations: Applications, challenges and research opportunities",2020,1348,Pankaj Dutta; Tsan-Ming Choi; Surabhi Somani; Richa Butala,Transportation Research Part E: Logistics and Transportation Review,10.1016/j.tre.2020.102067,inventory_supply_chain,crossref,https://doi.org/10.1016/j.tre.2020.102067,6.951
152,Tensor Decomposition for Signal Processing and Machine Learning,2017,1347,Nicholas D. Sidiropoulos; Lieven De Lathauwer; Xiao Fu; Kejun Huang; Evangelos E. Papalexakis; Christos Faloutsos,IEEE Transactions on Signal Processing,10.1109/tsp.2017.2690524,combinatorial_optimization|stochastic_or|nonlinear_convex|metaheuristics|multiobjective|inventory_supply_chain|queuing_simulation|column_generation_decomp,crossref,https://doi.org/10.1109/tsp.2017.2690524,6.950
153,A First-Order Primal-Dual Algorithm for Convex Problems with Applications to Imaging,2011,3405,Antonin Chambolle; Thomas Pock,Journal of Mathematical Imaging and Vision,10.1007/s10851-010-0251-1,network_flows|nonlinear_convex|graph_or|cutting_packing,crossref,https://doi.org/10.1007/s10851-010-0251-1,6.946
154,“Neural” computation of decisions in optimization problems,1985,4777,J. J. Hopfield; D. W. Tank,Biological Cybernetics,10.1007/bf00339943,combinatorial_optimization|stochastic_or|dynamic_programming|nonlinear_convex|metaheuristics|multiobjective|game_theory_or|inventory_supply_chain|queuing_simulation|ml_or_hybrid,crossref,https://doi.org/10.1007/bf00339943,6.945
155,Algorithms for the Vehicle Routing and Scheduling Problems with Time Window Constraints,1987,3376,Marius M. Solomon,Operations Research,10.1287/opre.35.2.254,tsp_routing|scheduling|or_foundations_survey,crossref,https://doi.org/10.1287/opre.35.2.254,6.940
156,Proximal Algorithms,2014,2577,Neal Parikh; Stephen Boyd,Foundations and Trends® in Optimization,10.1561/2400000003,combinatorial_optimization|nonlinear_convex|metaheuristics|multiobjective,crossref,https://doi.org/10.1561/2400000003,6.930
157,Robust principal component analysis?,2011,4941,Emmanuel J. Candès; Xiaodong Li; Yi Ma; John Wright,Journal of the ACM,10.1145/1970392.1970395,stochastic_or,crossref,https://doi.org/10.1145/1970392.1970395,6.929
158,A review and evaluation of the state-of-the-art in PV solar power forecasting: Techniques and optimization,2020,1146,R. Ahmed; V. Sreeram; Y. Mishra; M.D. Arif,Renewable and Sustainable Energy Reviews,10.1016/j.rser.2020.109792,combinatorial_optimization|nonlinear_convex|metaheuristics|multiobjective,crossref,https://doi.org/10.1016/j.rser.2020.109792,6.921
159,Tunicate Swarm Algorithm: A new bio-inspired based metaheuristic paradigm for global optimization,2020,1158,Satnam Kaur; Lalit K. Awasthi; A.L. Sangal; Gaurav Dhiman,Engineering Applications of Artificial Intelligence,10.1016/j.engappai.2020.103541,combinatorial_optimization|nonlinear_convex|metaheuristics|multiobjective|graph_or|cutting_packing,crossref,https://doi.org/10.1016/j.engappai.2020.103541,6.920
160,Decomposition of the mean squared error and NSE performance criteria: Implications for improving hydrological modelling,2009,5171,Hoshin V. Gupta; Harald Kling; Koray K. Yilmaz; Guillermo F. Martinez,Journal of Hydrology,10.1016/j.jhydrol.2009.08.003,column_generation_decomp,crossref,https://doi.org/10.1016/j.jhydrol.2009.08.003,6.914
161,Robust decomposition of cell type mixtures in spatial transcriptomics,2022,1342,Dylan M. Cable; Evan Murray; Luli S. Zou; Aleksandrina Goeva; Evan Z. Macosko; Fei Chen; Rafael A. Irizarry,Nature Biotechnology,10.1038/s41587-021-00830-w,stochastic_or|column_generation_decomp,crossref,https://doi.org/10.1038/s41587-021-00830-w,6.905
162,The SWISS-MODEL workspace: a web-based environment for protein structure homology modelling,2006,6016,Konstantin Arnold; Lorenza Bordoli; Jürgen Kopp; Torsten Schwede,Bioinformatics,10.1093/bioinformatics/bti770,inventory_supply_chain|constraint_programming,crossref,https://doi.org/10.1093/bioinformatics/bti770,6.903
163,Box-Behnken design: An alternative for the optimization of analytical methods,2007,2834,S.L.C. Ferreira; R.E. Bruns; H.S. Ferreira; G.D. Matos; J.M. David; G.C. Brandão; E.G.P. da Silva; L.A. Portugal; P.S. dos Reis; A.S. Souza; W.N.L. dos Santos,Analytica Chimica Acta,10.1016/j.aca.2007.07.011,combinatorial_optimization|stochastic_or|nonlinear_convex|metaheuristics|multiobjective|inventory_supply_chain|queuing_simulation,crossref,https://doi.org/10.1016/j.aca.2007.07.011,6.898
164,How to make a decision: The analytic hierarchy process,1990,7219,Thomas L. Saaty,European Journal of Operational Research,10.1016/0377-2217(90)90057-i,dynamic_programming,crossref,https://doi.org/10.1016/0377-2217(90)90057-i,6.887
165,Event-Triggered Real-Time Scheduling of Stabilizing Control Tasks,2007,4353,Paulo Tabuada,IEEE Transactions on Automatic Control,10.1109/tac.2007.904277,tsp_routing|scheduling|queuing_simulation,crossref,https://doi.org/10.1109/tac.2007.904277,6.883
166,Topology optimization approaches,2013,2639,Ole Sigmund; Kurt Maute,Structural and Multidisciplinary Optimization,10.1007/s00158-013-0978-6,combinatorial_optimization|nonlinear_convex|metaheuristics|multiobjective,crossref,https://doi.org/10.1007/s00158-013-0978-6,6.878
167,An analysis of approximations for maximizing submodular set functions—I,1978,3005,G. L. Nemhauser; L. A. Wolsey; M. L. Fisher,Mathematical Programming,10.1007/bf01588971,linear_programming|integer_programming|combinatorial_optimization|stochastic_or|dynamic_programming|nonlinear_convex|multiobjective|constraint_programming,crossref,https://doi.org/10.1007/bf01588971,6.878
168,"The
                    <scp>M</scp>
                    icrobial
                    <scp>E</scp>
                    fficiency‐
                    <scp>M</scp>
                    atrix
                    <scp>S</scp>
                    tabilization (
                    <scp>MEMS</scp>
                    ) framework integrates plant litter decomposition with soil organic matter stabilization: do labile plant inputs form stable soil organic matter?",2013,3222,M. Francesca Cotrufo; Matthew D. Wallenstein; Claudia M. Boot; Karolien Denef; Eldor Paul,Global Change Biology,10.1111/gcb.12113,column_generation_decomp,crossref,https://doi.org/10.1111/gcb.12113,6.874
169,Development of the Alcohol Use Disorders Identification Test (AUDIT): WHO Collaborative Project on Early Detection of Persons with Harmful Alcohol Consumption‐II,1993,10577,JOHN B SAUNDERS; OLAF G. AASLAND; THOMAS F. BABOR; JUAN R. DE LA FUENTE; MARCUS GRANT,Addiction,10.1111/j.1360-0443.1993.tb02093.x,scheduling|multiobjective,crossref,https://doi.org/10.1111/j.1360-0443.1993.tb02093.x,6.847
170,Future paths for integer programming and links to artificial intelligence,1986,3049,Fred Glover,Computers &amp; Operations Research,10.1016/0305-0548(86)90048-1,linear_programming|integer_programming|stochastic_or|dynamic_programming|nonlinear_convex|multiobjective|constraint_programming,crossref,https://doi.org/10.1016/0305-0548(86)90048-1,6.835
171,A survey on routing protocols for wireless sensor networks,2005,2351,Kemal Akkaya; Mohamed Younis,Ad Hoc Networks,10.1016/j.adhoc.2003.09.010,tsp_routing,crossref,https://doi.org/10.1016/j.adhoc.2003.09.010,6.826
172,Snake Optimizer: A novel meta-heuristic optimization algorithm,2022,1050,Fatma A. Hashim; Abdelazim G. Hussien,Knowledge-Based Systems,10.1016/j.knosys.2022.108320,combinatorial_optimization|nonlinear_convex|metaheuristics|multiobjective,crossref,https://doi.org/10.1016/j.knosys.2022.108320,6.815
173,Evolutionary programming made faster,1999,3297,Xin Yao; Yong Liu; Guangming Lin,IEEE Transactions on Evolutionary Computation,10.1109/4235.771163,linear_programming|integer_programming|stochastic_or|dynamic_programming|nonlinear_convex|multiobjective|constraint_programming|or_foundations_survey,crossref,https://doi.org/10.1109/4235.771163,6.811
174,Temperature sensitivity of soil carbon decomposition and feedbacks to climate change,2006,5510,Eric A. Davidson; Ivan A. Janssens,Nature,10.1038/nature04514,column_generation_decomp,crossref,https://doi.org/10.1038/nature04514,6.809
175,A discrete numerical model for granular assemblies,1979,15248,P. A. Cundall; O. D. L. Strack,Géotechnique,10.1680/geot.1979.29.1.47,inventory_supply_chain|queuing_simulation,crossref,https://doi.org/10.1680/geot.1979.29.1.47,6.806
176,Network information flow,2000,6322,R. Ahlswede; Ning Cai; S.-Y.R. Li; R.W. Yeung,IEEE Transactions on Information Theory,10.1109/18.850663,network_flows|game_theory_or|queuing_simulation,crossref,https://doi.org/10.1109/18.850663,6.799
177,Multiobjective evolutionary algorithms: a comparative case study and the strength Pareto approach,1999,7222,E. Zitzler; L. Thiele,IEEE Transactions on Evolutionary Computation,10.1109/4235.797969,multiobjective,crossref,https://doi.org/10.1109/4235.797969,6.799
178,Viability of intertwined supply networks: extending the supply chain resilience angles towards survivability. A position paper motivated by COVID-19 outbreak,2020,1793,Dmitry Ivanov; Alexandre Dolgui,International Journal of Production Research,10.1080/00207543.2020.1750727,inventory_supply_chain,crossref,https://doi.org/10.1080/00207543.2020.1750727,6.796
179,Atomic Decomposition by Basis Pursuit,1998,4682,Scott Shaobing Chen; David L. Donoho; Michael A. Saunders,SIAM Journal on Scientific Computing,10.1137/s1064827596304010,column_generation_decomp,crossref,https://doi.org/10.1137/s1064827596304010,6.795
180,CLUMPP: a cluster matching and permutation program for dealing with label switching and multimodality in analysis of population structure,2007,5570,Mattias Jakobsson; Noah A. Rosenberg,Bioinformatics,10.1093/bioinformatics/btm233,graph_or,crossref,https://doi.org/10.1093/bioinformatics/btm233,6.795
181,Semidefinite Programming,1996,3275,Lieven Vandenberghe; Stephen Boyd,SIAM Review,10.1137/1038003,linear_programming|integer_programming|stochastic_or|dynamic_programming|nonlinear_convex|multiobjective|constraint_programming|or_foundations_survey,crossref,https://doi.org/10.1137/1038003,6.793
182,"Laser powder-bed fusion additive manufacturing: Physics of complex melt flow and formation mechanisms of pores, spatter, and denudation zones",2016,2578,Saad A. Khairallah; Andrew T. Anderson; Alexander Rubenchik; Wayne E. King,Acta Materialia,10.1016/j.actamat.2016.02.014,network_flows,crossref,https://doi.org/10.1016/j.actamat.2016.02.014,6.790
183,Tensor-Train Decomposition,2011,2213,I. V. Oseledets,SIAM Journal on Scientific Computing,10.1137/090752286,column_generation_decomp,crossref,https://doi.org/10.1137/090752286,6.788
184,Constrained model predictive control: Stability and optimality,2000,7145,D.Q. Mayne; J.B. Rawlings; C.V. Rao; P.O.M. Scokaert,Automatica,10.1016/s0005-1098(99)00214-9,scheduling|inventory_supply_chain,crossref,https://doi.org/10.1016/s0005-1098(99)00214-9,6.785
185,Simultaneous Optimization of Several Response Variables,1980,4213,George Derringer; Ronald Suich,Journal of Quality Technology,10.1080/00224065.1980.11980968,combinatorial_optimization|stochastic_or|dynamic_programming|nonlinear_convex|metaheuristics|multiobjective|game_theory_or|inventory_supply_chain|queuing_simulation|ml_or_hybrid,crossref,https://doi.org/10.1080/00224065.1980.11980968,6.784
186,Optimization Approaches for the Traveling Salesman Problem with Drone,2018,909,Niels Agatz; Paul Bouman; Marie Schmidt,Transportation Science,10.1287/trsc.2017.0791,tsp_routing|inventory_supply_chain|constraint_programming|cutting_packing,crossref,https://doi.org/10.1287/trsc.2017.0791,6.784
187,An Interior Trust Region Approach for Nonlinear Minimization Subject to Bounds,1996,2672,Thomas F. Coleman; Yuying Li,SIAM Journal on Optimization,10.1137/0806023,combinatorial_optimization|stochastic_or|nonlinear_convex|metaheuristics|multiobjective|inventory_supply_chain,crossref,https://doi.org/10.1137/0806023,6.783
188,Adaptive Dynamic Programming for Control: A Survey and Recent Advances,2021,672,Derong Liu; Shan Xue; Bo Zhao; Biao Luo; Qinglai Wei,"IEEE Transactions on Systems, Man, and Cybernetics: Systems",10.1109/tsmc.2020.3042876,linear_programming|integer_programming|stochastic_or|nonlinear_convex|multiobjective|constraint_programming,crossref,https://doi.org/10.1109/tsmc.2020.3042876,6.773
189,Hidden fluid mechanics: Learning velocity and pressure fields from flow visualizations,2020,1888,Maziar Raissi; Alireza Yazdani; George Em Karniadakis,Science,10.1126/science.aaw4741,network_flows,crossref,https://doi.org/10.1126/science.aaw4741,6.770
190,Beamforming Optimization for Wireless Network Aided by Intelligent Reflecting Surface With Discrete Phase Shifts,2020,1177,Qingqing Wu; Rui Zhang,IEEE Transactions on Communications,10.1109/tcomm.2019.2958916,combinatorial_optimization|nonlinear_convex|metaheuristics|multiobjective|queuing_simulation,crossref,https://doi.org/10.1109/tcomm.2019.2958916,6.764
191,Reinforcement learning for combinatorial optimization: A survey,2021,613,Nina Mazyavkina; Sergey Sviridov; Sergei Ivanov; Evgeny Burnaev,Computers &amp; Operations Research,10.1016/j.cor.2021.105400,game_theory_or|or_foundations_survey,crossref,https://doi.org/10.1016/j.cor.2021.105400,6.762
192,Archimedes optimization algorithm: a new metaheuristic algorithm for solving optimization problems,2021,1037,Fatma A. Hashim; Kashif Hussain; Essam H. Houssein; Mai S. Mabrouk; Walid Al-Atabany,Applied Intelligence,10.1007/s10489-020-01893-z,combinatorial_optimization|nonlinear_convex|metaheuristics|multiobjective,crossref,https://doi.org/10.1007/s10489-020-01893-z,6.743
193,A level set method for structural topology optimization,2003,2850,Michael Yu Wang; Xiaoming Wang; Dongming Guo,Computer Methods in Applied Mechanics and Engineering,10.1016/s0045-7825(02)00559-5,combinatorial_optimization|stochastic_or|nonlinear_convex|metaheuristics|multiobjective|inventory_supply_chain|queuing_simulation,crossref,https://doi.org/10.1016/s0045-7825(02)00559-5,6.739
194,A review on Fenton process for organic wastewater treatment based on optimization perspective,2019,1049,Meng-hui Zhang; Hui Dong; Liang Zhao; De-xi Wang; Di Meng,Science of The Total Environment,10.1016/j.scitotenv.2019.03.180,combinatorial_optimization|nonlinear_convex|metaheuristics|multiobjective,crossref,https://doi.org/10.1016/j.scitotenv.2019.03.180,6.739
195,A global optimisation method for robust affine registration of brain images,2001,6348,Mark Jenkinson; Stephen Smith,Medical Image Analysis,10.1016/s1361-8415(01)00036-6,linear_programming|stochastic_or,crossref,https://doi.org/10.1016/s1361-8415(01)00036-6,6.736
196,Chimp optimization algorithm,2020,1138,M. Khishe; M.R. Mosavi,Expert Systems with Applications,10.1016/j.eswa.2020.113338,combinatorial_optimization|nonlinear_convex|metaheuristics|multiobjective|cutting_packing,crossref,https://doi.org/10.1016/j.eswa.2020.113338,6.735
197,HiC-Pro: an optimized and flexible pipeline for Hi-C data processing,2015,2413,Nicolas Servant; Nelle Varoquaux; Bryan R. Lajoie; Eric Viara; Chong-Jian Chen; Jean-Philippe Vert; Edith Heard; Job Dekker; Emmanuel Barillot,Genome Biology,10.1186/s13059-015-0831-x,scheduling,crossref,https://doi.org/10.1186/s13059-015-0831-x,6.655
198,The flying sidekick traveling salesman problem: Optimization of drone-assisted parcel delivery,2015,1554,Chase C. Murray; Amanda G. Chu,Transportation Research Part C: Emerging Technologies,10.1016/j.trc.2015.03.005,tsp_routing,crossref,https://doi.org/10.1016/j.trc.2015.03.005,6.604
199,Information Flow and Cooperative Control of Vehicle Formations,2004,3884,J.A. Fax; R.M. Murray,IEEE Transactions on Automatic Control,10.1109/tac.2004.834433,network_flows|tsp_routing|or_foundations_survey,crossref,https://doi.org/10.1109/tac.2004.834433,6.599
200,Thermodynamical approach to the traveling salesman problem: An efficient simulation algorithm,1985,2489,V. Černý,Journal of Optimization Theory and Applications,10.1007/bf00940812,combinatorial_optimization|tsp_routing|nonlinear_convex|metaheuristics|multiobjective|inventory_supply_chain|queuing_simulation|constraint_programming|graph_or|cutting_packing,crossref,https://doi.org/10.1007/bf00940812,6.585
